date,total_value,daily_return,top_holding,top_holding_weight,ai_summary
2024-12-15,15271.40,0.0000,MSFT,0.3715,"Your AI portfolio opened the tracking period with a total value of $15,271.40. Microsoft (MSFT) leads your holdings at 37.15% allocation, representing significant concentration in cloud infrastructure. The semiconductor sector (NVIDIA + AMD) comprises 43.35% of your portfolio combined, indicating heavy exposure to AI chip manufacturing. Educational insight: This portfolio demonstrates sector concentration risk - over 43% in semiconductors means your returns will be highly correlated with chip market performance."
2024-12-16,15399.15,0.0084,MSFT,0.3722,"Your portfolio gained $127.75 today (+0.84%), primarily driven by NVIDIA's 1.15% increase to $501.20. Microsoft remains your largest position at 37.22%, slightly increasing its dominance. The semiconductor sector continues to represent over 43% of total holdings. Educational insight: Even small daily gains compound over time - today's 0.84% return equals approximately 308% annualized if sustained, though such consistency is unrealistic in volatile AI markets."
2024-12-17,15403.70,0.0003,MSFT,0.3728,"Your portfolio experienced minimal movement today, gaining just $4.55 (+0.03%). NVIDIA declined slightly while Microsoft and Google gained, demonstrating diversification benefits - when one position weakens, others may compensate. Microsoft increased to 37.28% of your portfolio. Educational insight: Low-volatility days like this are common even in high-growth sectors, and they test investor patience during periods when momentum slows."
2024-12-18,15535.40,0.0086,MSFT,0.3762,"Strong performance today with an $131.70 gain (+0.86%), led by NVIDIA's recovery to $505.80 and Microsoft reaching $385.60. Microsoft now represents 37.62% of your portfolio, continuing its weight drift upward. All five positions posted gains. Educational insight: This demonstrates positive correlation - when the AI sector experiences broad optimism, diversified AI holdings tend to rise together, which can amplify gains but also increases sector-specific risk."
2024-12-19,15657.70,0.0079,MSFT,0.3763,"Excellent session with a $122.30 gain (+0.79%), continuing the positive momentum. NVIDIA surged to $512.40 while Microsoft reached $387.90. Microsoft maintains 37.63% allocation. The portfolio now sits at $15,657.70. Educational insight: Days with consistent gains build portfolio momentum, but it's important to remember that extended rallies often lead to profit-taking pullbacks as investors lock in returns."
2024-12-20,15429.80,-0.0146,MSFT,0.3786,"Your portfolio declined $227.90 today (-1.46%), marking a notable pullback after recent gains. NVIDIA pulled back to $508.90 while Microsoft gained slightly and Google rose, demonstrating partial diversification benefits. Microsoft's allocation increased to 37.86% despite the overall portfolio decline. Educational insight: Pullbacks of 1-2% are completely normal in equity portfolios and often represent healthy profit-taking after strong runs rather than fundamental deterioration."
2024-12-21,15774.20,0.0223,MSFT,0.3801,"Strong rebound today with a $344.40 gain (+2.23%), recovering most of yesterday's decline. NVIDIA led the charge rising to $515.20, while Microsoft reached $392.80. This V-shaped recovery demonstrates the resilience typical of quality AI companies. Educational insight: Quick recoveries from pullbacks often indicate strong underlying demand and investor confidence in the sector's long-term prospects."﻿date,total_value,daily_return,daily_return_pct,top_holding,top_holding_weight,holdings.0.date,holdings.0.ticker,holdings.0.quantity,holdings.0.sector,holdings.0.price,holdings.0.value,holdings.0.weight,holdings.1.date,holdings.1.ticker,holdings.1.quantity,holdings.1.sector,holdings.1.price,holdings.1.value,holdings.1.weight,holdings.2.date,holdings.2.ticker,holdings.2.quantity,holdings.2.sector,holdings.2.price,holdings.2.value,holdings.2.weight,holdings.3.date,holdings.3.ticker,holdings.3.quantity,holdings.3.sector,holdings.3.price,holdings.3.value,holdings.3.weight,holdings.4.date,holdings.4.ticker,holdings.4.quantity,holdings.4.sector,holdings.4.price,holdings.4.value,holdings.4.weight,sector_weights.Semiconductors,sector_weights.Cloud Infrastructure,sector_weights.ML Infrastructure,sector_weights.Foundation Models,ai_summary,ai_summary_raw,rag_context_count,rag_used
2026-01-18,17902.41,0.0000,0.00,MSFT,0.3853,2026-01-18,NVDA,10,Semiconductors,186.1,1861.05,0.104,2026-01-18,MSFT,15,Cloud Infrastructure,459.86,6897.9,0.3853,2026-01-18,GOOGL,8,ML Infrastructure,330,2640,0.1475,2026-01-18,AMD,12,Semiconductors,231.83,2781.96,0.1554,2026-01-18,META,6,Foundation Models,620.25,3721.5,0.2079,0.2594,0.3853,0.1475,0.2079,"To provide a meaningful analysis, I would need more information about the portfolio, such as its composition, asset allocation, and historical performance data. However, here are 4-5 general insights about portfolio performance and risk:  * **Diversification is key**: A well-diversified portfolio can help minimize risk by spreading investments across different asset classes, sectors, and geographies, reducing exposure to any one particular market or security. * **Risk-return tradeoff**: Portfolios with higher potential returns often come with higher levels of risk, and investors must balance their desire for returns with their tolerance for volatility and potential losses. * **Volatility metrics**: Metrics such as standard deviation, beta, and the Sharpe ratio can help investors understand a portfolio's risk profile and make informed decisions about its potential for future returns. * **Rebalancing is essential**: Regular rebalancing can help maintain a portfolio's target asset allocation, reducing the risk of over-exposure to any one asset class and ensuring that the portfolio remains aligned with the investor's goals and risk tolerance. * **Past performance is not indicative of future results**: Historical performance data can provide valuable insights, but it is not a guarantee of future success, and investors should consider a range of factors, including economic conditions, market trends, and company-specific factors, when evaluating a portfolio's potential for future returns.","To provide a meaningful analysis, I would need more information about the portfolio, such as its composition, asset allocation, and historical performance data. However, here are 4-5 general insights about portfolio performance and risk:

* **Diversification is key**: A well-diversified portfolio can help minimize risk by spreading investments across different asset classes, sectors, and geographies, reducing exposure to any one particular market or security.
* **Risk-return tradeoff**: Portfolios with higher potential returns often come with higher levels of risk, and investors must balance their desire for returns with their tolerance for volatility and potential losses.
* **Volatility metrics**: Metrics such as standard deviation, beta, and the Sharpe ratio can help investors understand a portfolio's risk profile and make informed decisions about its potential for future returns.
* **Rebalancing is essential**: Regular rebalancing can help maintain a portfolio's target asset allocation, reducing the risk of over-exposure to any one asset class and ensuring that the portfolio remains aligned with the investor's goals and risk tolerance.
* **Past performance is not indicative of future results**: Historical performance data can provide valuable insights, but it is not a guarantee of future success, and investors should consider a range of factors, including economic conditions, market trends, and company-specific factors, when evaluating a portfolio's potential for future returns.",0,FALSE﻿date,total_value,daily_return,daily_return_pct,top_holding,top_holding_weight,holdings.0.date,holdings.0.ticker,holdings.0.quantity,holdings.0.sector,holdings.0.price,holdings.0.value,holdings.0.weight,holdings.1.date,holdings.1.ticker,holdings.1.quantity,holdings.1.sector,holdings.1.price,holdings.1.value,holdings.1.weight,holdings.2.date,holdings.2.ticker,holdings.2.quantity,holdings.2.sector,holdings.2.price,holdings.2.value,holdings.2.weight,holdings.3.date,holdings.3.ticker,holdings.3.quantity,holdings.3.sector,holdings.3.price,holdings.3.value,holdings.3.weight,holdings.4.date,holdings.4.ticker,holdings.4.quantity,holdings.4.sector,holdings.4.price,holdings.4.value,holdings.4.weight,sector_weights.Semiconductors,sector_weights.Cloud Infrastructure,sector_weights.ML Infrastructure,sector_weights.Foundation Models,ai_summary,ai_summary_raw,rag_context_count,rag_used
2026-01-18,17902.41,0.0000,0.00,MSFT,0.3853,2026-01-18,NVDA,10,Semiconductors,186.1,1861.05,0.104,2026-01-18,MSFT,15,Cloud Infrastructure,459.86,6897.9,0.3853,2026-01-18,GOOGL,8,ML Infrastructure,330,2640,0.1475,2026-01-18,AMD,12,Semiconductors,231.83,2781.96,0.1554,2026-01-18,META,6,Foundation Models,620.25,3721.5,0.2079,0.2594,0.3853,0.1475,0.2079,"I'd be happy to analyze a portfolio and provide insights. However, I don't see a specific portfolio provided. Let's assume a general portfolio for the purpose of this exercise. Here are 4-5 concise, educational bullet points about portfolio performance and risk:  * **Diversification**: A well-diversified portfolio can help minimize risk by allocating assets across different classes, such as stocks, bonds, and commodities. This strategy can reduce exposure to any one particular asset and increase potential long-term returns. * **Risk-Return Tradeoff**: There's a direct relationship between risk and potential return. Portfolios with higher potential returns often come with higher levels of risk, while those with lower risk may have lower potential returns. It's essential to find a balance that aligns with your investment goals and risk tolerance. * **Volatility**: Portfolio volatility can be measured using metrics like standard deviation or beta. A portfolio with high volatility may experience significant price swings, which can be unsettling for investors. However, it's also important to consider the potential for long-term growth and returns. * **Correlation**: Understanding the correlation between assets in a portfolio is crucial. Assets with low correlation can help reduce overall portfolio risk, as they're less likely to move in tandem. This can be achieved by investing in assets with different characteristics, such as stocks and bonds. * **Rebalancing**: Regular portfolio rebalancing can help maintain an optimal asset allocation and manage risk. This involves periodically reviewing and adjusting the portfolio to ensure it remains aligned with your investment goals and risk tolerance, which can help mitigate potential losses and maximize returns.  Please provide a specific portfolio if you'd like me to analyze it and offer more tailored insights.","I'd be happy to analyze a portfolio and provide insights. However, I don't see a specific portfolio provided. Let's assume a general portfolio for the purpose of this exercise. Here are 4-5 concise, educational bullet points about portfolio performance and risk:

* **Diversification**: A well-diversified portfolio can help minimize risk by allocating assets across different classes, such as stocks, bonds, and commodities. This strategy can reduce exposure to any one particular asset and increase potential long-term returns.
* **Risk-Return Tradeoff**: There's a direct relationship between risk and potential return. Portfolios with higher potential returns often come with higher levels of risk, while those with lower risk may have lower potential returns. It's essential to find a balance that aligns with your investment goals and risk tolerance.
* **Volatility**: Portfolio volatility can be measured using metrics like standard deviation or beta. A portfolio with high volatility may experience significant price swings, which can be unsettling for investors. However, it's also important to consider the potential for long-term growth and returns.
* **Correlation**: Understanding the correlation between assets in a portfolio is crucial. Assets with low correlation can help reduce overall portfolio risk, as they're less likely to move in tandem. This can be achieved by investing in assets with different characteristics, such as stocks and bonds.
* **Rebalancing**: Regular portfolio rebalancing can help maintain an optimal asset allocation and manage risk. This involves periodically reviewing and adjusting the portfolio to ensure it remains aligned with your investment goals and risk tolerance, which can help mitigate potential losses and maximize returns.

Please provide a specific portfolio if you'd like me to analyze it and offer more tailored insights.",0,FALSE﻿date,total_value,daily_return,daily_return_pct,top_holding,top_holding_weight,holdings.0.date,holdings.0.ticker,holdings.0.quantity,holdings.0.sector,holdings.0.price,holdings.0.value,holdings.0.weight,holdings.1.date,holdings.1.ticker,holdings.1.quantity,holdings.1.sector,holdings.1.price,holdings.1.value,holdings.1.weight,holdings.2.date,holdings.2.ticker,holdings.2.quantity,holdings.2.sector,holdings.2.price,holdings.2.value,holdings.2.weight,holdings.3.date,holdings.3.ticker,holdings.3.quantity,holdings.3.sector,holdings.3.price,holdings.3.value,holdings.3.weight,holdings.4.date,holdings.4.ticker,holdings.4.quantity,holdings.4.sector,holdings.4.price,holdings.4.value,holdings.4.weight,sector_weights.Semiconductors,sector_weights.Cloud Infrastructure,sector_weights.ML Infrastructure,sector_weights.Foundation Models,ai_summary,ai_summary_raw,rag_context_count,rag_used
2026-01-18,17902.41,0.0000,0.00,MSFT,0.3853,2026-01-18,NVDA,10,Semiconductors,186.1,1861.05,0.104,2026-01-18,MSFT,15,Cloud Infrastructure,459.86,6897.9,0.3853,2026-01-18,GOOGL,8,ML Infrastructure,330,2640,0.1475,2026-01-18,AMD,12,Semiconductors,231.83,2781.96,0.1554,2026-01-18,META,6,Foundation Models,620.25,3721.5,0.2079,0.2594,0.3853,0.1475,0.2079,"I'd be happy to provide insights on portfolio performance and risk. Here are 4-5 concise, educational bullet points:  * **Diversification is key**: A well-diversified portfolio can help minimize risk by spreading investments across different asset classes, sectors, and geographic regions, reducing exposure to any one particular market or industry. * **Risk-return tradeoff**: Investors must balance their desire for returns with their tolerance for risk, as higher returns often come with higher volatility and potential losses. A portfolio with a mix of low- and high-risk investments can help strike a balance between the two. * **Correlation matters**: Understanding the correlations between different investments in a portfolio is crucial, as highly correlated assets can increase overall portfolio risk. Investing in assets with low or negative correlations can help reduce risk and increase potential returns. * **Volatility is not the only risk metric**: While volatility is an important measure of risk, it's not the only one. Other risk metrics, such as value-at-risk (VaR) and expected shortfall (ES), can provide a more comprehensive picture of a portfolio's potential losses and help investors make more informed decisions. * **Regular rebalancing is essential**: As market conditions and investor goals change, a portfolio's asset allocation can become skewed. Regular rebalancing can help maintain an optimal asset mix, manage risk, and ensure the portfolio remains aligned with the investor's objectives.  Without specific details on the portfolio, these points provide general insights on portfolio performance and risk. If you provide more information on the portfolio, I can offer more tailored analysis and recommendations.","I'd be happy to provide insights on portfolio performance and risk. Here are 4-5 concise, educational bullet points:

* **Diversification is key**: A well-diversified portfolio can help minimize risk by spreading investments across different asset classes, sectors, and geographic regions, reducing exposure to any one particular market or industry.
* **Risk-return tradeoff**: Investors must balance their desire for returns with their tolerance for risk, as higher returns often come with higher volatility and potential losses. A portfolio with a mix of low- and high-risk investments can help strike a balance between the two.
* **Correlation matters**: Understanding the correlations between different investments in a portfolio is crucial, as highly correlated assets can increase overall portfolio risk. Investing in assets with low or negative correlations can help reduce risk and increase potential returns.
* **Volatility is not the only risk metric**: While volatility is an important measure of risk, it's not the only one. Other risk metrics, such as value-at-risk (VaR) and expected shortfall (ES), can provide a more comprehensive picture of a portfolio's potential losses and help investors make more informed decisions.
* **Regular rebalancing is essential**: As market conditions and investor goals change, a portfolio's asset allocation can become skewed. Regular rebalancing can help maintain an optimal asset mix, manage risk, and ensure the portfolio remains aligned with the investor's objectives.

Without specific details on the portfolio, these points provide general insights on portfolio performance and risk. If you provide more information on the portfolio, I can offer more tailored analysis and recommendations.",0,FALSE﻿date,total_value,daily_return,daily_return_pct,top_holding,top_holding_weight,holdings.0.date,holdings.0.ticker,holdings.0.quantity,holdings.0.sector,holdings.0.price,holdings.0.value,holdings.0.weight,holdings.1.date,holdings.1.ticker,holdings.1.quantity,holdings.1.sector,holdings.1.price,holdings.1.value,holdings.1.weight,holdings.2.date,holdings.2.ticker,holdings.2.quantity,holdings.2.sector,holdings.2.price,holdings.2.value,holdings.2.weight,holdings.3.date,holdings.3.ticker,holdings.3.quantity,holdings.3.sector,holdings.3.price,holdings.3.value,holdings.3.weight,holdings.4.date,holdings.4.ticker,holdings.4.quantity,holdings.4.sector,holdings.4.price,holdings.4.value,holdings.4.weight,sector_weights.Semiconductors,sector_weights.Cloud Infrastructure,sector_weights.ML Infrastructure,sector_weights.Foundation Models,ai_summary,ai_summary_raw,rag_context_count,rag_used
2026-01-18,17902.41,0.0000,0.00,MSFT,0.3853,2026-01-18,NVDA,10,Semiconductors,186.1,1861.05,0.104,2026-01-18,MSFT,15,Cloud Infrastructure,459.86,6897.9,0.3853,2026-01-18,GOOGL,8,ML Infrastructure,330,2640,0.1475,2026-01-18,AMD,12,Semiconductors,231.83,2781.96,0.1554,2026-01-18,META,6,Foundation Models,620.25,3721.5,0.2079,0.2594,0.3853,0.1475,0.2079,"I'd be happy to provide general insights on portfolio performance and risk. Here are 4-5 concise, educational bullet points:  * **Diversification is key**: A well-diversified portfolio can help minimize risk by spreading investments across different asset classes, sectors, and geographic regions, reducing exposure to any one particular market or security. * **Risk-return tradeoff**: Generally, higher returns come with higher levels of risk, and investors must balance their desire for returns with their tolerance for potential losses. A portfolio with a mix of low- and high-risk assets can help achieve a balance between risk and return. * **Volatility and correlation**: Understanding the volatility of individual assets and their correlations with each other is crucial in managing portfolio risk. Correlated assets can amplify portfolio risk, while uncorrelated assets can help reduce it. * **Rebalancing and monitoring**: Regular portfolio rebalancing and monitoring can help maintain an optimal asset allocation, manage risk, and ensure the portfolio remains aligned with the investor's goals and risk tolerance. * **Benchmarking and performance metrics**: Using relevant benchmarks and performance metrics, such as Sharpe ratio or alpha, can help evaluate portfolio performance and identify areas for improvement, enabling data-driven investment decisions.  Please provide the specific portfolio details if you'd like me to analyze it and offer more tailored insights.","I'd be happy to provide general insights on portfolio performance and risk. Here are 4-5 concise, educational bullet points:

* **Diversification is key**: A well-diversified portfolio can help minimize risk by spreading investments across different asset classes, sectors, and geographic regions, reducing exposure to any one particular market or security.
* **Risk-return tradeoff**: Generally, higher returns come with higher levels of risk, and investors must balance their desire for returns with their tolerance for potential losses. A portfolio with a mix of low- and high-risk assets can help achieve a balance between risk and return.
* **Volatility and correlation**: Understanding the volatility of individual assets and their correlations with each other is crucial in managing portfolio risk. Correlated assets can amplify portfolio risk, while uncorrelated assets can help reduce it.
* **Rebalancing and monitoring**: Regular portfolio rebalancing and monitoring can help maintain an optimal asset allocation, manage risk, and ensure the portfolio remains aligned with the investor's goals and risk tolerance.
* **Benchmarking and performance metrics**: Using relevant benchmarks and performance metrics, such as Sharpe ratio or alpha, can help evaluate portfolio performance and identify areas for improvement, enabling data-driven investment decisions.

Please provide the specific portfolio details if you'd like me to analyze it and offer more tailored insights.",0,FALSE﻿date,total_value,daily_return,daily_return_pct,top_holding,top_holding_weight,holdings.0.date,holdings.0.ticker,holdings.0.quantity,holdings.0.sector,holdings.0.price,holdings.0.value,holdings.0.weight,holdings.1.date,holdings.1.ticker,holdings.1.quantity,holdings.1.sector,holdings.1.price,holdings.1.value,holdings.1.weight,holdings.2.date,holdings.2.ticker,holdings.2.quantity,holdings.2.sector,holdings.2.price,holdings.2.value,holdings.2.weight,holdings.3.date,holdings.3.ticker,holdings.3.quantity,holdings.3.sector,holdings.3.price,holdings.3.value,holdings.3.weight,holdings.4.date,holdings.4.ticker,holdings.4.quantity,holdings.4.sector,holdings.4.price,holdings.4.value,holdings.4.weight,sector_weights.Semiconductors,sector_weights.Cloud Infrastructure,sector_weights.ML Infrastructure,sector_weights.Foundation Models,ai_summary,ai_summary_raw,rag_context_count,rag_used
2026-01-18,17902.41,0.0000,0.00,MSFT,0.3853,2026-01-18,NVDA,10,Semiconductors,186.1,1861.05,0.104,2026-01-18,MSFT,15,Cloud Infrastructure,459.86,6897.9,0.3853,2026-01-18,GOOGL,8,ML Infrastructure,330,2640,0.1475,2026-01-18,AMD,12,Semiconductors,231.83,2781.96,0.1554,2026-01-18,META,6,Foundation Models,620.25,3721.5,0.2079,0.2594,0.3853,0.1475,0.2079,"I'd be happy to provide insights on a portfolio. Since you haven't provided a specific portfolio, I'll offer general insights on portfolio performance and risk. Here are 4-5 concise, educational bullet points:  * **Diversification is key**: A well-diversified portfolio can help minimize risk by spreading investments across different asset classes, sectors, and geographic regions. This can reduce exposure to any one particular investment and increase potential for long-term growth. * **Risk-return tradeoff**: Generally, investments with higher potential returns come with higher levels of risk. Investors must balance their risk tolerance with their investment goals and time horizon to create an optimal portfolio. * **Volatility and standard deviation**: Standard deviation is a measure of a portfolio's volatility, or how much its returns deviate from the average. A lower standard deviation indicates lower volatility, while a higher standard deviation indicates higher volatility. * **Sharpe ratio and portfolio efficiency**: The Sharpe ratio is a metric that helps evaluate a portfolio's performance by comparing its returns to its risk. A higher Sharpe ratio indicates a more efficient portfolio, as it generates higher returns relative to its risk. * **Rebalancing and portfolio drift**: Regular portfolio rebalancing can help maintain an optimal asset allocation and manage risk. As investments grow or decline in value, the portfolio may drift away from its target allocation, potentially increasing risk or reducing returns.  Please provide a specific portfolio for a more detailed analysis, and I'll be happy to offer tailored insights.","I'd be happy to provide insights on a portfolio. Since you haven't provided a specific portfolio, I'll offer general insights on portfolio performance and risk. Here are 4-5 concise, educational bullet points:

* **Diversification is key**: A well-diversified portfolio can help minimize risk by spreading investments across different asset classes, sectors, and geographic regions. This can reduce exposure to any one particular investment and increase potential for long-term growth.
* **Risk-return tradeoff**: Generally, investments with higher potential returns come with higher levels of risk. Investors must balance their risk tolerance with their investment goals and time horizon to create an optimal portfolio.
* **Volatility and standard deviation**: Standard deviation is a measure of a portfolio's volatility, or how much its returns deviate from the average. A lower standard deviation indicates lower volatility, while a higher standard deviation indicates higher volatility.
* **Sharpe ratio and portfolio efficiency**: The Sharpe ratio is a metric that helps evaluate a portfolio's performance by comparing its returns to its risk. A higher Sharpe ratio indicates a more efficient portfolio, as it generates higher returns relative to its risk.
* **Rebalancing and portfolio drift**: Regular portfolio rebalancing can help maintain an optimal asset allocation and manage risk. As investments grow or decline in value, the portfolio may drift away from its target allocation, potentially increasing risk or reducing returns.

Please provide a specific portfolio for a more detailed analysis, and I'll be happy to offer tailored insights.",0,FALSE﻿date,total_value,daily_return,daily_return_pct,top_holding,top_holding_weight,holdings.0.date,holdings.0.ticker,holdings.0.quantity,holdings.0.sector,holdings.0.price,holdings.0.value,holdings.0.weight,holdings.1.date,holdings.1.ticker,holdings.1.quantity,holdings.1.sector,holdings.1.price,holdings.1.value,holdings.1.weight,holdings.2.date,holdings.2.ticker,holdings.2.quantity,holdings.2.sector,holdings.2.price,holdings.2.value,holdings.2.weight,holdings.3.date,holdings.3.ticker,holdings.3.quantity,holdings.3.sector,holdings.3.price,holdings.3.value,holdings.3.weight,holdings.4.date,holdings.4.ticker,holdings.4.quantity,holdings.4.sector,holdings.4.price,holdings.4.value,holdings.4.weight,sector_weights.Semiconductors,sector_weights.Cloud Infrastructure,sector_weights.ML Infrastructure,sector_weights.Foundation Models,ai_summary,ai_summary_raw,rag_context_count,rag_used
2026-01-18,17902.41,0.0000,0.00,MSFT,0.3853,2026-01-18,NVDA,10,Semiconductors,186.1,1861.05,0.104,2026-01-18,MSFT,15,Cloud Infrastructure,459.86,6897.9,0.3853,2026-01-18,GOOGL,8,ML Infrastructure,330,2640,0.1475,2026-01-18,AMD,12,Semiconductors,231.83,2781.96,0.1554,2026-01-18,META,6,Foundation Models,620.25,3721.5,0.2079,0.2594,0.3853,0.1475,0.2079,"I'd be happy to provide some general insights on portfolio performance and risk. Here are 4-5 concise, educational bullet points:  * **Diversification is key**: A well-diversified portfolio can help mitigate risk by spreading investments across different asset classes, sectors, and geographic regions. This can reduce exposure to any one particular investment and increase potential for long-term growth. * **Risk-return tradeoff**: Generally, investments with higher potential returns come with higher levels of risk. Understanding an investor's risk tolerance and goals is crucial in constructing a portfolio that balances risk and potential returns. * **Volatility and correlation**: Portfolio volatility can be managed by selecting investments with low correlation to each other. This means that when one investment declines, others may increase or remain stable, helping to offset losses. * **Asset allocation**: The mix of asset classes, such as stocks, bonds, and alternatives, can significantly impact portfolio performance. A strategic asset allocation can help investors achieve their goals while managing risk. * **Regular rebalancing**: Periodically reviewing and rebalancing a portfolio can help maintain an optimal asset allocation, manage risk, and potentially improve long-term performance by buying low and selling high.  To provide more specific insights, I would need more information about the portfolio in question, such as its composition, investment objectives, and risk tolerance. If you'd like to share more details, I'd be happy to provide a more tailored analysis.","I'd be happy to provide some general insights on portfolio performance and risk. Here are 4-5 concise, educational bullet points:

* **Diversification is key**: A well-diversified portfolio can help mitigate risk by spreading investments across different asset classes, sectors, and geographic regions. This can reduce exposure to any one particular investment and increase potential for long-term growth.
* **Risk-return tradeoff**: Generally, investments with higher potential returns come with higher levels of risk. Understanding an investor's risk tolerance and goals is crucial in constructing a portfolio that balances risk and potential returns.
* **Volatility and correlation**: Portfolio volatility can be managed by selecting investments with low correlation to each other. This means that when one investment declines, others may increase or remain stable, helping to offset losses.
* **Asset allocation**: The mix of asset classes, such as stocks, bonds, and alternatives, can significantly impact portfolio performance. A strategic asset allocation can help investors achieve their goals while managing risk.
* **Regular rebalancing**: Periodically reviewing and rebalancing a portfolio can help maintain an optimal asset allocation, manage risk, and potentially improve long-term performance by buying low and selling high.

To provide more specific insights, I would need more information about the portfolio in question, such as its composition, investment objectives, and risk tolerance. If you'd like to share more details, I'd be happy to provide a more tailored analysis.",0,FALSE﻿date,total_value,daily_return,daily_return_pct,top_holding,top_holding_weight,holdings.0.date,holdings.0.ticker,holdings.0.quantity,holdings.0.sector,holdings.0.price,holdings.0.value,holdings.0.weight,holdings.1.date,holdings.1.ticker,holdings.1.quantity,holdings.1.sector,holdings.1.price,holdings.1.value,holdings.1.weight,holdings.2.date,holdings.2.ticker,holdings.2.quantity,holdings.2.sector,holdings.2.price,holdings.2.value,holdings.2.weight,holdings.3.date,holdings.3.ticker,holdings.3.quantity,holdings.3.sector,holdings.3.price,holdings.3.value,holdings.3.weight,holdings.4.date,holdings.4.ticker,holdings.4.quantity,holdings.4.sector,holdings.4.price,holdings.4.value,holdings.4.weight,sector_weights.Semiconductors,sector_weights.Cloud Infrastructure,sector_weights.ML Infrastructure,sector_weights.Foundation Models,ai_summary,ai_summary_raw,rag_context_count,rag_used
2026-01-19,17902.41,0.0000,0.00,MSFT,0.3853,2026-01-19,NVDA,10,Semiconductors,186.1,1861.05,0.104,2026-01-19,MSFT,15,Cloud Infrastructure,459.86,6897.9,0.3853,2026-01-19,GOOGL,8,ML Infrastructure,330,2640,0.1475,2026-01-19,AMD,12,Semiconductors,231.83,2781.96,0.1554,2026-01-19,META,6,Foundation Models,620.25,3721.5,0.2079,0.2594,0.3853,0.1475,0.2079,"I'd be happy to provide insights on portfolio performance and risk. Here are 4-5 concise, educational bullet points:  * **Diversification is key**: A well-diversified portfolio can help minimize risk by allocating assets across different classes, sectors, and geographies, reducing exposure to any one particular investment. * **Risk-return tradeoff**: Investors should be aware that higher returns often come with higher levels of risk, and vice versa. A balanced portfolio should aim to optimize returns while managing risk tolerance. * **Volatility and beta**: Portfolio volatility, measured by beta, can indicate the level of risk associated with a particular investment. A beta of 1 represents market-like volatility, while a beta greater than 1 indicates higher volatility. * **Sharpe ratio and portfolio efficiency**: The Sharpe ratio helps evaluate a portfolio's risk-adjusted performance by comparing returns to risk-free rates. A higher Sharpe ratio indicates better portfolio efficiency and risk management. * **Rebalancing and monitoring**: Regular portfolio rebalancing and monitoring are crucial to maintaining an optimal asset allocation, managing risk, and ensuring alignment with investment objectives and risk tolerance.  Please provide more information about the specific portfolio you'd like me to analyze, such as the asset allocation, investment goals, and risk tolerance. This will enable me to provide more tailored insights and recommendations.","I'd be happy to provide insights on portfolio performance and risk. Here are 4-5 concise, educational bullet points:

* **Diversification is key**: A well-diversified portfolio can help minimize risk by allocating assets across different classes, sectors, and geographies, reducing exposure to any one particular investment.
* **Risk-return tradeoff**: Investors should be aware that higher returns often come with higher levels of risk, and vice versa. A balanced portfolio should aim to optimize returns while managing risk tolerance.
* **Volatility and beta**: Portfolio volatility, measured by beta, can indicate the level of risk associated with a particular investment. A beta of 1 represents market-like volatility, while a beta greater than 1 indicates higher volatility.
* **Sharpe ratio and portfolio efficiency**: The Sharpe ratio helps evaluate a portfolio's risk-adjusted performance by comparing returns to risk-free rates. A higher Sharpe ratio indicates better portfolio efficiency and risk management.
* **Rebalancing and monitoring**: Regular portfolio rebalancing and monitoring are crucial to maintaining an optimal asset allocation, managing risk, and ensuring alignment with investment objectives and risk tolerance.

Please provide more information about the specific portfolio you'd like me to analyze, such as the asset allocation, investment goals, and risk tolerance. This will enable me to provide more tailored insights and recommendations.",0,FALSE﻿date,total_value,daily_return,daily_return_pct,top_holding,top_holding_weight,holdings.0.date,holdings.0.ticker,holdings.0.quantity,holdings.0.sector,holdings.0.price,holdings.0.value,holdings.0.weight,holdings.1.date,holdings.1.ticker,holdings.1.quantity,holdings.1.sector,holdings.1.price,holdings.1.value,holdings.1.weight,holdings.2.date,holdings.2.ticker,holdings.2.quantity,holdings.2.sector,holdings.2.price,holdings.2.value,holdings.2.weight,holdings.3.date,holdings.3.ticker,holdings.3.quantity,holdings.3.sector,holdings.3.price,holdings.3.value,holdings.3.weight,holdings.4.date,holdings.4.ticker,holdings.4.quantity,holdings.4.sector,holdings.4.price,holdings.4.value,holdings.4.weight,sector_weights.Semiconductors,sector_weights.Cloud Infrastructure,sector_weights.ML Infrastructure,sector_weights.Foundation Models,ai_summary,ai_summary_raw,rag_context_count,rag_used
2026-01-19,17902.41,0.0000,0.00,MSFT,0.3853,2026-01-19,NVDA,10,Semiconductors,186.1,1861.05,0.104,2026-01-19,MSFT,15,Cloud Infrastructure,459.86,6897.9,0.3853,2026-01-19,GOOGL,8,ML Infrastructure,330,2640,0.1475,2026-01-19,AMD,12,Semiconductors,231.83,2781.96,0.1554,2026-01-19,META,6,Foundation Models,620.25,3721.5,0.2079,0.2594,0.3853,0.1475,0.2079,"I'd be happy to provide some general insights on portfolio performance and risk. Here are 4-5 concise and educational bullet points:  * **Diversification is key**: A well-diversified portfolio can help mitigate risk by spreading investments across different asset classes, sectors, and geographic regions, reducing exposure to any one particular market or sector. * **Risk-return tradeoff**: Generally, higher returns come with higher levels of risk, and vice versa. Investors should be aware of their risk tolerance and adjust their portfolio accordingly to balance potential returns with acceptable levels of risk. * **Volatility and correlation**: Understanding the volatility of individual assets and their correlation with each other is crucial in managing portfolio risk. Assets with low correlation can help reduce overall portfolio volatility, while highly correlated assets can increase risk. * **Rebalancing and monitoring**: Regular portfolio rebalancing and monitoring can help maintain an optimal asset allocation, manage risk, and ensure that the portfolio remains aligned with the investor's goals and risk tolerance. * **Sharpe ratio and portfolio efficiency**: The Sharpe ratio is a useful metric for evaluating portfolio performance, as it measures excess returns relative to risk. A higher Sharpe ratio indicates a more efficient portfolio, suggesting that the investor is generating higher returns for a given level of risk.  Please provide more information about the specific portfolio you'd like me to analyze, such as its composition, investment goals, and risk tolerance, and I'll be happy to provide more tailored insights.","I'd be happy to provide some general insights on portfolio performance and risk. Here are 4-5 concise and educational bullet points:

* **Diversification is key**: A well-diversified portfolio can help mitigate risk by spreading investments across different asset classes, sectors, and geographic regions, reducing exposure to any one particular market or sector.
* **Risk-return tradeoff**: Generally, higher returns come with higher levels of risk, and vice versa. Investors should be aware of their risk tolerance and adjust their portfolio accordingly to balance potential returns with acceptable levels of risk.
* **Volatility and correlation**: Understanding the volatility of individual assets and their correlation with each other is crucial in managing portfolio risk. Assets with low correlation can help reduce overall portfolio volatility, while highly correlated assets can increase risk.
* **Rebalancing and monitoring**: Regular portfolio rebalancing and monitoring can help maintain an optimal asset allocation, manage risk, and ensure that the portfolio remains aligned with the investor's goals and risk tolerance.
* **Sharpe ratio and portfolio efficiency**: The Sharpe ratio is a useful metric for evaluating portfolio performance, as it measures excess returns relative to risk. A higher Sharpe ratio indicates a more efficient portfolio, suggesting that the investor is generating higher returns for a given level of risk.

Please provide more information about the specific portfolio you'd like me to analyze, such as its composition, investment goals, and risk tolerance, and I'll be happy to provide more tailored insights.",0,FALSE